Workbook

Sheet Aging Summary
A3: Row Labels | B3: Sum of balance | C3: Count of invoice_id
A4: 1-30 Days | B4: 40205.45 | C4: 21
A5: Bayview Risk Advisors | B5: 1324.73 | C5: 2
A6: Cardinal Insurance Group | B6: 3379.43 | C6: 2
A7: Ironwood Insurance Agency | B7: 19444.41 | C7: 7
A8: Northgate Underwriters | B8: 4889 | C8: 2
A9: Pioneer Underwriters | B9: 1821.17 | C9: 1
A10: Sterling Benefits & Risk | B10: 7489.88 | C10: 6
A11: Summit Insurance Group | B11: 1856.83 | C11: 1
A12: 31-60 Days | B12: 15857.91 | C12: 11
A13: Bayview Risk Advisors | B13: 1468.12 | C13: 2
A14: Cardinal Insurance Group | B14: 1886.4 | C14: 2
A15: Ironwood Insurance Agency | B15: 4064.01 | C15: 2
... A34: Grand Total | B34: 62511.39 | C34: 150

Sheet reconciliation
A1: invoice_id | B1: policy_number | C1: agency_id | D1: invoice_date | E1: premium_billed | F1: due_date | G1: profile | H1: scenario | I1: payment_amount | J1: balance | K1: status | L1: days_past_due | M1: aging_bucket | N1: agency_name
A2: INV-0001 | B2: POL-1000 | C2: A01 | D2: 46174 | E2: 1399.58 | F2: 46204 | G2: reliable | H2: late | I2: 1399.58 | J2: 0 | K2: Paid | L2: 76 | M2: Paid | N2: =_xlfn.XLOOKUP(C2,agencies!A:A,agencies!B:B) -> Summit Insurance Group
A3: INV-0002 | B3: POL-1000 | C3: A01 | D3: 46204 | E3: 1399.58 | F3: 46234 | G3: reliable | H3: on_time | I3: 1399.58 | J3: 0 | K3: Paid | L3: 46 | M3: Paid | N3: =_xlfn.XLOOKUP(C3,agencies!A:A,agencies!B:B) -> Summit Insurance Group
A4: INV-0003 | B4: POL-1000 | C4: A01 | D4: 46235 | E4: 1399.58 | F4: 46265 | G4: reliable | H4: on_time | I4: 1399.58 | J4: 0 | K4: Paid | L4: 15 | M4: Paid | N4: =_xlfn.XLOOKUP(C4,agencies!A:A,agencies!B:B) -> Summit Insurance Group
A5: INV-0004 | B5: POL-1001 | C5: A08 | D5: 46174 | E5: 533.17 | F5: 46204 | G5: slow | H5: short | I5: 392.5 | J5: 140.67 | K5: Past Due | L5: 76 | M5: 60+ Days | N5: =_xlfn.XLOOKUP(C5,agencies!A:A,agencies!B:B) -> Ironwood Insurance Agency
A6: INV-0005 | B6: POL-1001 | C6: A08 | D6: 46204 | E6: 533.17 | F6: 46234 | G6: slow | H6: late | I6: 533.17 | J6: 0 | K6: Paid | L6: 46 | M6: Paid | N6: =_xlfn.XLOOKUP(C6,agencies!A:A,agencies!B:B) -> Ironwood Insurance Agency
A7: INV-0006 | B7: POL-1001 | C7: A08 | D7: 46235 | E7: 533.17 | F7: 46265 | G7: slow | H7: late | I7: 0 | J7: 533.17 | K7: Past Due | L7: 15 | M7: 1-30 Days | N7: =_xlfn.XLOOKUP(C7,agencies!A:A,agencies!B:B) -> Ironwood Insurance Agency
A8: INV-0007 | B8: POL-1002 | C8: A07 | D8: 46174 | E8: 4041.17 | F8: 46204 | G8: slow | H8: late | I8: 4041.17 | J8: 0 | K8: Paid | L8: 76 | M8: Paid | N8: =_xlfn.XLOOKUP(C8,agencies!A:A,agencies!B:B) -> Bayview Risk Advisors
A9: INV-0008 | B9: POL-1002 | C9: A07 | D9: 46204 | E9: 4041.17 | F9: 46234 | G9: slow | H9: on_time | I9: 4041.17 | J9: 0 | K9: Paid | L9: 46 | M9: Paid | N9: =_xlfn.XLOOKUP(C9,agencies!A:A,agencies!B:B) -> Bayview Risk Advisors
A10: INV-0009 | B10: POL-1002 | C10: A07 | D10: 46235 | E10: 4041.17 | F10: 46265 | G10: slow | H10: on_time | I10: 4041.17 | J10: 0 | K10: Paid | L10: 15 | M10: Paid | N10: =_xlfn.XLOOKUP(C10,agencies!A:A,agencies!B:B) -> Bayview Risk Advisors
A11: INV-0010 | B11: POL-1003 | C11: A05 | D11: 46174 | E11: 3491.83 | F11: 46204 | G11: reliable | H11: late | I11: 3491.83 | J11: 0 | K11: Paid | L11: 76 | M11: Paid | N11: =_xlfn.XLOOKUP(C11,agencies!A:A,agencies!B:B) -> Pioneer Underwriters
A12: INV-0011 | B12: POL-1003 | C12: A05 | D12: 46204 | E12: 3491.83 | F12: 46234 | G12: reliable | H12: on_time | I12: 3491.83 | J12: 0 | K12: Paid | L12: 46 | M12: Paid | N12: =_xlfn.XLOOKUP(C12,agencies!A:A,agencies!B:B) -> Pioneer Underwriters
A13: INV-0012 | B13: POL-1003 | C13: A05 | D13: 46235 | E13: 3491.83 | F13: 46265 | G13: reliable | H13: on_time | I13: 3491.83 | J13: 0 | K13: Paid | L13: 15 | M13: Paid | N13: =_xlfn.XLOOKUP(C13,agencies!A:A,agencies!B:B) -> Pioneer Underwriters
... A151: INV-0150 | B151: POL-1049 | C151: A08 | D151: 46235 | E151: 4828.5 | F151: 46265 | G151: slow | H151: late | I151: 0 | J151: 4828.5 | K151: Past Due | L151: 15 | M151: 1-30 Days | N151: =_xlfn.XLOOKUP(C151,agencies!A:A,agencies!B:B) -> Ironwood Insurance Agency

Sheet agencies
A1: agency_id | B1: agency_name | C1: payment_profile
A2: A01 | B2: Summit Insurance Group | C2: reliable
A3: A02 | B3: Harbor Risk Advisors | C3: reliable
A4: A03 | B4: Liberty Insurance Agency | C4: reliable
A5: A04 | B5: Keystone Benefits & Risk | C5: reliable
A6: A05 | B6: Pioneer Underwriters | C6: reliable
A7: A06 | B7: Cardinal Insurance Group | C7: slow
A8: A07 | B8: Bayview Risk Advisors | C8: slow
A9: A08 | B9: Ironwood Insurance Agency | C9: slow
A10: A09 | B10: Sterling Benefits & Risk | C10: problem
A11: A10 | B11: Northgate Underwriters | C11: problem
